sku_id,avg_monthly_orders,velocity_score
P0104,2.5833333333333335,1.0
P0798,2.3846153846153846,0.8680851063829786
P1344,2.357142857142857,0.8498480243161095
P0240,2.3125,0.8202127659574467
P1180,2.2857142857142856,0.8024316109422491
P0177,2.25,0.778723404255319
P0081,2.25,0.778723404255319
P1207,2.235294117647059,0.7689612015018774
P0924,2.2142857142857144,0.7550151975683892
P1045,2.1666666666666665,0.7234042553191489
P0751,2.1578947368421053,0.7175811870100783
P0249,2.15,0.7123404255319148
P1149,2.142857142857143,0.7075987841945288
P0065,2.142857142857143,0.7075987841945288
P1096,2.142857142857143,0.7075987841945288
P1444,2.142857142857143,0.7075987841945288
P1308,2.1333333333333333,0.7012765957446809
P0584,2.1333333333333333,0.7012765957446809
P0051,2.1176470588235294,0.690863579474343
P0704,2.1176470588235294,0.690863579474343
P0998,2.111111111111111,0.6865248226950356
P0080,2.111111111111111,0.6865248226950356
P1174,2.111111111111111,0.6865248226950356
P0535,2.1052631578947367,0.6826427771556549
P0404,2.1052631578947367,0.6826427771556549
P0936,2.090909090909091,0.6731141199226305
P0934,2.090909090909091,0.6731141199226305
P1103,2.090909090909091,0.6731141199226305
P0406,2.0833333333333335,0.6680851063829789
P1377,2.076923076923077,0.6638297872340426
P1020,2.076923076923077,0.6638297872340426
P0977,2.076923076923077,0.6638297872340426
P0687,2.0714285714285716,0.6601823708206689
P0209,2.0714285714285716,0.6601823708206689
P1374,2.066666666666667,0.6570212765957448
P0711,2.066666666666667,0.6570212765957448
P1098,2.066666666666667,0.6570212765957448
P0199,2.066666666666667,0.6570212765957448
P1205,2.066666666666667,0.6570212765957448
P0912,2.0625,0.6542553191489362
P0026,2.0625,0.6542553191489362
P0274,2.0625,0.6542553191489362
P1092,2.0625,0.6542553191489362
P0979,2.0625,0.6542553191489362
P0905,2.0588235294117645,0.6518147684605755
P1101,2.0588235294117645,0.6518147684605755
P0646,2.0588235294117645,0.6518147684605755
P0068,2.0588235294117645,0.6518147684605755
P1204,2.0588235294117645,0.6518147684605755
P0154,2.0588235294117645,0.6518147684605755
P0331,2.0588235294117645,0.6518147684605755
P1412,2.0555555555555554,0.6496453900709218
P1376,2.0555555555555554,0.6496453900709218
P0542,2.0555555555555554,0.6496453900709218
P0723,2.0555555555555554,0.6496453900709218
P0473,2.0526315789473686,0.6477043673012319
P0034,2.0434782608695654,0.6416281221091582
P0604,2.0,0.6127659574468085
P1481,2.0,0.6127659574468085
P0614,2.0,0.6127659574468085
P0656,2.0,0.6127659574468085
P1282,2.0,0.6127659574468085
P1492,2.0,0.6127659574468085
P1495,2.0,0.6127659574468085
P0622,2.0,0.6127659574468085
P0421,2.0,0.6127659574468085
P0401,2.0,0.6127659574468085
P0244,2.0,0.6127659574468085
P0572,2.0,0.6127659574468085
P1140,2.0,0.6127659574468085
P1001,2.0,0.6127659574468085
P1154,2.0,0.6127659574468085
P0279,2.0,0.6127659574468085
P0099,2.0,0.6127659574468085
P1453,2.0,0.6127659574468085
P0063,2.0,0.6127659574468085
P1110,2.0,0.6127659574468085
P0008,2.0,0.6127659574468085
P1477,2.0,0.6127659574468085
P0673,2.0,0.6127659574468085
P0342,2.0,0.6127659574468085
P0581,2.0,0.6127659574468085
P0096,2.0,0.6127659574468085
P0734,2.0,0.6127659574468085
P1128,2.0,0.6127659574468085
P0092,2.0,0.6127659574468085
P0428,2.0,0.6127659574468085
P0204,2.0,0.6127659574468085
P0916,2.0,0.6127659574468085
P0747,2.0,0.6127659574468085
P1264,2.0,0.6127659574468085
P1208,2.0,0.6127659574468085
P1326,2.0,0.6127659574468085
P0870,2.0,0.6127659574468085
P0402,1.95,0.5795744680851063
P0106,1.95,0.5795744680851063
P0041,1.9473684210526316,0.5778275475923853
P0381,1.9473684210526316,0.5778275475923853
P1035,1.9473684210526316,0.5778275475923853
P0888,1.9473684210526316,0.5778275475923853
P0446,1.9473684210526316,0.5778275475923853
P0927,1.9444444444444444,0.575886524822695
P0568,1.9444444444444444,0.575886524822695
P1416,1.9444444444444444,0.575886524822695
P0301,1.9411764705882353,0.5737171464330413
P0029,1.9411764705882353,0.5737171464330413
P0118,1.9411764705882353,0.5737171464330413
P0984,1.9411764705882353,0.5737171464330413
P0050,1.9411764705882353,0.5737171464330413
P1037,1.9411764705882353,0.5737171464330413
P0025,1.9411764705882353,0.5737171464330413
P0947,1.9411764705882353,0.5737171464330413
P0902,1.9411764705882353,0.5737171464330413
P1017,1.9375,0.5712765957446808
P0945,1.9375,0.5712765957446808
P1219,1.9375,0.5712765957446808
P1284,1.9375,0.5712765957446808
P1259,1.9375,0.5712765957446808
P0844,1.9375,0.5712765957446808
P0487,1.9375,0.5712765957446808
P0040,1.9375,0.5712765957446808
P1072,1.9333333333333333,0.5685106382978724
P0800,1.9333333333333333,0.5685106382978724
P0477,1.9333333333333333,0.5685106382978724
P1292,1.9333333333333333,0.5685106382978724
P1132,1.9333333333333333,0.5685106382978724
P1394,1.9333333333333333,0.5685106382978724
P1319,1.9333333333333333,0.5685106382978724
P0009,1.9333333333333333,0.5685106382978724
P0027,1.9285714285714286,0.5653495440729484
P1464,1.9285714285714286,0.5653495440729484
P0697,1.9285714285714286,0.5653495440729484
P1065,1.9285714285714286,0.5653495440729484
P0187,1.9285714285714286,0.5653495440729484
P0110,1.9285714285714286,0.5653495440729484
P0242,1.9230769230769231,0.5617021276595744
P0859,1.9230769230769231,0.5617021276595744
P1138,1.9230769230769231,0.5617021276595744
P1091,1.9230769230769231,0.5617021276595744
P1144,1.9166666666666667,0.5574468085106383
P0721,1.9166666666666667,0.5574468085106383
P0465,1.9166666666666667,0.5574468085106383
P0140,1.9166666666666667,0.5574468085106383
P1100,1.9166666666666667,0.5574468085106383
P0794,1.9090909090909092,0.5524177949709865
P0090,1.9090909090909092,0.5524177949709865
P0995,1.9090909090909092,0.5524177949709865
P0369,1.9090909090909092,0.5524177949709865
P0694,1.9,0.5463829787234042
P1013,1.9,0.5463829787234042
P0683,1.9,0.5463829787234042
P1342,1.894736842105263,0.5428891377379619
P1224,1.894736842105263,0.5428891377379619
P0785,1.894736842105263,0.5428891377379619
P0221,1.894736842105263,0.5428891377379619
P1320,1.8888888888888888,0.5390070921985815
P0306,1.8888888888888888,0.5390070921985815
P0823,1.8888888888888888,0.5390070921985815
P0812,1.8888888888888888,0.5390070921985815
P0819,1.8888888888888888,0.5390070921985815
P0239,1.8823529411764706,0.534668335419274
P0468,1.8823529411764706,0.534668335419274
P1299,1.8823529411764706,0.534668335419274
P1124,1.8823529411764706,0.534668335419274
P0832,1.8823529411764706,0.534668335419274
P0952,1.8823529411764706,0.534668335419274
P1145,1.8823529411764706,0.534668335419274
P0586,1.8823529411764706,0.534668335419274
P1423,1.8823529411764706,0.534668335419274
P1114,1.8823529411764706,0.534668335419274
P1403,1.8823529411764706,0.534668335419274
P0073,1.8823529411764706,0.534668335419274
P0872,1.875,0.5297872340425531
P1085,1.875,0.5297872340425531
P0594,1.875,0.5297872340425531
P0766,1.875,0.5297872340425531
P0432,1.875,0.5297872340425531
P0719,1.875,0.5297872340425531
P0549,1.875,0.5297872340425531
P1153,1.875,0.5297872340425531
P1014,1.875,0.5297872340425531
P0841,1.875,0.5297872340425531
P1367,1.8666666666666667,0.5242553191489361
P0963,1.8666666666666667,0.5242553191489361
P0371,1.8666666666666667,0.5242553191489361
P0289,1.8666666666666667,0.5242553191489361
P0085,1.8666666666666667,0.5242553191489361
P0411,1.8666666666666667,0.5242553191489361
P0384,1.8666666666666667,0.5242553191489361
P0571,1.8666666666666667,0.5242553191489361
P1449,1.8666666666666667,0.5242553191489361
P0230,1.8571428571428572,0.5179331306990882
P0780,1.8571428571428572,0.5179331306990882
P0830,1.8571428571428572,0.5179331306990882
P0603,1.8571428571428572,0.5179331306990882
P1480,1.8571428571428572,0.5179331306990882
P0606,1.8571428571428572,0.5179331306990882
P0429,1.8571428571428572,0.5179331306990882
P1386,1.8571428571428572,0.5179331306990882
P1297,1.8571428571428572,0.5179331306990882
P0761,1.8571428571428572,0.5179331306990882
P0337,1.85,0.5131914893617022
P0336,1.85,0.5131914893617022
P1286,1.85,0.5131914893617022
P1187,1.85,0.5131914893617022
P1275,1.85,0.5131914893617022
P1363,1.8461538461538463,0.5106382978723405
P1148,1.8461538461538463,0.5106382978723405
P0553,1.8461538461538463,0.5106382978723405
P0523,1.8461538461538463,0.5106382978723405
P0259,1.8461538461538463,0.5106382978723405
P0708,1.8461538461538463,0.5106382978723405
P0709,1.8461538461538463,0.5106382978723405
P0848,1.8461538461538463,0.5106382978723405
P0613,1.8461538461538463,0.5106382978723405
P1273,1.8461538461538463,0.5106382978723405
P0795,1.8461538461538463,0.5106382978723405
P0540,1.8421052631578947,0.5079507278835387
P1466,1.8421052631578947,0.5079507278835387
P0845,1.8333333333333333,0.5021276595744681
P1442,1.8333333333333333,0.5021276595744681
P1080,1.8333333333333333,0.5021276595744681
P1268,1.8333333333333333,0.5021276595744681
P1047,1.8333333333333333,0.5021276595744681
P0269,1.8333333333333333,0.5021276595744681
P1390,1.8333333333333333,0.5021276595744681
P1111,1.8333333333333333,0.5021276595744681
P1429,1.8333333333333333,0.5021276595744681
P0825,1.8333333333333333,0.5021276595744681
P0929,1.8333333333333333,0.5021276595744681
P1210,1.8333333333333333,0.5021276595744681
P0516,1.8333333333333333,0.5021276595744681
P0144,1.8333333333333333,0.5021276595744681
P0748,1.8333333333333333,0.5021276595744681
P0931,1.8333333333333333,0.5021276595744681
P0195,1.8333333333333333,0.5021276595744681
P0504,1.8333333333333333,0.5021276595744681
P0543,1.8333333333333333,0.5021276595744681
P1474,1.8333333333333333,0.5021276595744681
P1010,1.8333333333333333,0.5021276595744681
P1298,1.8235294117647058,0.49561952440550683
P0496,1.8235294117647058,0.49561952440550683
P0839,1.8235294117647058,0.49561952440550683
P0803,1.8235294117647058,0.49561952440550683
P0817,1.8235294117647058,0.49561952440550683
P0983,1.8235294117647058,0.49561952440550683
P0716,1.8235294117647058,0.49561952440550683
P1375,1.8235294117647058,0.49561952440550683
P0563,1.8235294117647058,0.49561952440550683
P0198,1.8235294117647058,0.49561952440550683
P0892,1.8235294117647058,0.49561952440550683
P1322,1.8235294117647058,0.49561952440550683
P0418,1.8235294117647058,0.49561952440550683
P0926,1.8235294117647058,0.49561952440550683
P0255,1.8181818181818181,0.49206963249516433
P0456,1.8181818181818181,0.49206963249516433
P1479,1.8181818181818181,0.49206963249516433
P1271,1.8125,0.48829787234042543
P0602,1.8125,0.48829787234042543
P0643,1.8125,0.48829787234042543
P0816,1.8125,0.48829787234042543
P0309,1.8125,0.48829787234042543
P1134,1.8125,0.48829787234042543
P1379,1.8125,0.48829787234042543
P0276,1.8125,0.48829787234042543
P1177,1.8125,0.48829787234042543
P1265,1.8125,0.48829787234042543
P1142,1.8125,0.48829787234042543
P0273,1.8125,0.48829787234042543
P0763,1.8125,0.48829787234042543
P1280,1.8125,0.48829787234042543
P0915,1.8125,0.48829787234042543
P0791,1.8125,0.48829787234042543
P0392,1.8125,0.48829787234042543
P0215,1.8125,0.48829787234042543
P0727,1.8125,0.48829787234042543
P0002,1.8,0.48
P1237,1.8,0.48
P0481,1.8,0.48
P1255,1.8,0.48
P0658,1.8,0.48
P0206,1.8,0.48
P0395,1.8,0.48
P0547,1.8,0.48
P0908,1.8,0.48
P0398,1.8,0.48
P1127,1.8,0.48
P1015,1.8,0.48
P0280,1.8,0.48
P0699,1.8,0.48
P0690,1.8,0.48
P0335,1.8,0.48
P1422,1.8,0.48
P0448,1.7894736842105263,0.47301231802911525
P1225,1.7894736842105263,0.47301231802911525
P0483,1.7894736842105263,0.47301231802911525
P0534,1.7894736842105263,0.47301231802911525
P1366,1.7894736842105263,0.47301231802911525
P0910,1.7894736842105263,0.47301231802911525
P1238,1.7857142857142858,0.47051671732522804
P1182,1.7857142857142858,0.47051671732522804
P0634,1.7857142857142858,0.47051671732522804
P1497,1.7857142857142858,0.47051671732522804
P0399,1.7857142857142858,0.47051671732522804
P0575,1.7857142857142858,0.47051671732522804
P1424,1.7857142857142858,0.47051671732522804
P0975,1.7857142857142858,0.47051671732522804
P0989,1.7857142857142858,0.47051671732522804
P0494,1.7857142857142858,0.47051671732522804
P1281,1.7857142857142858,0.47051671732522804
P0098,1.7857142857142858,0.47051671732522804
P0130,1.7857142857142858,0.47051671732522804
P0258,1.7857142857142858,0.47051671732522804
P1116,1.7857142857142858,0.47051671732522804
P0999,1.7777777777777777,0.4652482269503546
P0495,1.7777777777777777,0.4652482269503546
P1290,1.7777777777777777,0.4652482269503546
P0022,1.7777777777777777,0.4652482269503546
P1345,1.7777777777777777,0.4652482269503546
P0653,1.7777777777777777,0.4652482269503546
P0451,1.7777777777777777,0.4652482269503546
P0028,1.7777777777777777,0.4652482269503546
P0692,1.7777777777777777,0.4652482269503546
P0330,1.7777777777777777,0.4652482269503546
P0310,1.7777777777777777,0.4652482269503546
P0760,1.7777777777777777,0.4652482269503546
P0224,1.7727272727272727,0.46189555125725335
P1493,1.7692307692307692,0.4595744680851064
P0821,1.7692307692307692,0.4595744680851064
P0233,1.7692307692307692,0.4595744680851064
P0108,1.7692307692307692,0.4595744680851064
P0569,1.7692307692307692,0.4595744680851064
P0621,1.7692307692307692,0.4595744680851064
P0478,1.7692307692307692,0.4595744680851064
P1372,1.7647058823529411,0.4565707133917396
P0119,1.7647058823529411,0.4565707133917396
P0066,1.7647058823529411,0.4565707133917396
P0138,1.7647058823529411,0.4565707133917396
P1133,1.7647058823529411,0.4565707133917396
P0180,1.7647058823529411,0.4565707133917396
P0666,1.7647058823529411,0.4565707133917396
P1467,1.7647058823529411,0.4565707133917396
P0463,1.7647058823529411,0.4565707133917396
P0393,1.7647058823529411,0.4565707133917396
P0245,1.7647058823529411,0.4565707133917396
P0545,1.7647058823529411,0.4565707133917396
P0695,1.7647058823529411,0.4565707133917396
P1057,1.7647058823529411,0.4565707133917396
P1313,1.7647058823529411,0.4565707133917396
P1333,1.7647058823529411,0.4565707133917396
P1398,1.7619047619047619,0.454711246200608
P1304,1.7619047619047619,0.454711246200608
P1476,1.75,0.44680851063829796
P0001,1.75,0.44680851063829796
P1126,1.75,0.44680851063829796
P0489,1.75,0.44680851063829796
P1261,1.75,0.44680851063829796
P0264,1.75,0.44680851063829796
P0127,1.75,0.44680851063829796
P0358,1.75,0.44680851063829796
P0993,1.75,0.44680851063829796
P1118,1.75,0.44680851063829796
P0607,1.75,0.44680851063829796
P0617,1.75,0.44680851063829796
P0623,1.75,0.44680851063829796
P1489,1.75,0.44680851063829796
P0628,1.75,0.44680851063829796
P0669,1.75,0.44680851063829796
P1198,1.75,0.44680851063829796
P0883,1.75,0.44680851063829796
P1199,1.75,0.44680851063829796
P1185,1.75,0.44680851063829796
P0400,1.75,0.44680851063829796
P0405,1.75,0.44680851063829796
P0896,1.75,0.44680851063829796
P1245,1.75,0.44680851063829796
P0941,1.75,0.44680851063829796
P0387,1.75,0.44680851063829796
P0265,1.75,0.44680851063829796
P0554,1.75,0.44680851063829796
P1350,1.75,0.44680851063829796
P0564,1.75,0.44680851063829796
P1433,1.75,0.44680851063829796
P0591,1.75,0.44680851063829796
P1050,1.75,0.44680851063829796
P0074,1.75,0.44680851063829796
P0482,1.75,0.44680851063829796
P0840,1.75,0.44680851063829796
P1156,1.75,0.44680851063829796
P1151,1.75,0.44680851063829796
P0500,1.75,0.44680851063829796
P0120,1.7391304347826086,0.43959296947271054
P0736,1.736842105263158,0.43807390817469205
P0101,1.736842105263158,0.43807390817469205
P1471,1.736842105263158,0.43807390817469205
P1485,1.736842105263158,0.43807390817469205
P0379,1.736842105263158,0.43807390817469205
P0192,1.736842105263158,0.43807390817469205
P1355,1.736842105263158,0.43807390817469205
P0950,1.736842105263158,0.43807390817469205
P0957,1.7333333333333334,0.4357446808510639
P0978,1.7333333333333334,0.4357446808510639
P0710,1.7333333333333334,0.4357446808510639
P0288,1.7333333333333334,0.4357446808510639
P0097,1.7333333333333334,0.4357446808510639
P1418,1.7333333333333334,0.4357446808510639
P1353,1.7333333333333334,0.4357446808510639
P0546,1.7333333333333334,0.4357446808510639
P0764,1.7333333333333334,0.4357446808510639
P0560,1.7333333333333334,0.4357446808510639
P0515,1.7333333333333334,0.4357446808510639
P0986,1.7333333333333334,0.4357446808510639
P0943,1.7333333333333334,0.4357446808510639
P0235,1.7333333333333334,0.4357446808510639
P1160,1.7333333333333334,0.4357446808510639
P0232,1.7333333333333334,0.4357446808510639
P0182,1.7333333333333334,0.4357446808510639
P0181,1.7333333333333334,0.4357446808510639
P0188,1.7333333333333334,0.4357446808510639
P0208,1.7333333333333334,0.4357446808510639
P0427,1.7333333333333334,0.4357446808510639
P0450,1.7333333333333334,0.4357446808510639
P1221,1.7333333333333334,0.4357446808510639
P0877,1.7333333333333334,0.4357446808510639
P1191,1.7333333333333334,0.4357446808510639
P0655,1.7333333333333334,0.4357446808510639
P0890,1.7272727272727273,0.43172147001934236
P0906,1.7272727272727273,0.43172147001934236
P0341,1.7272727272727273,0.43172147001934236
P0768,1.7272727272727273,0.43172147001934236
P0388,1.7272727272727273,0.43172147001934236
P0691,1.7272727272727273,0.43172147001934236
P0176,1.7222222222222223,0.4283687943262413
P0842,1.7222222222222223,0.4283687943262413
P0189,1.7222222222222223,0.4283687943262413
P0835,1.7222222222222223,0.4283687943262413
P0449,1.7222222222222223,0.4283687943262413
P1452,1.7222222222222223,0.4283687943262413
P1016,1.7222222222222223,0.4283687943262413
P0385,1.7222222222222223,0.4283687943262413
P1278,1.7222222222222223,0.4283687943262413
P0793,1.7222222222222223,0.4283687943262413
P1455,1.7222222222222223,0.4283687943262413
P1169,1.7222222222222223,0.4283687943262413
P1408,1.7222222222222223,0.4283687943262413
P0599,1.7222222222222223,0.4283687943262413
P0320,1.7222222222222223,0.4283687943262413
P1135,1.7222222222222223,0.4283687943262413
P0767,1.7222222222222223,0.4283687943262413
P0334,1.7222222222222223,0.4283687943262413
P1123,1.7222222222222223,0.4283687943262413
P1384,1.7222222222222223,0.4283687943262413
P1107,1.7222222222222223,0.4283687943262413
P1183,1.7222222222222223,0.4283687943262413
P0193,1.7222222222222223,0.4283687943262413
P0011,1.7222222222222223,0.4283687943262413
P0438,1.7222222222222223,0.4283687943262413
P0506,1.7222222222222223,0.4283687943262413
P0452,1.7142857142857142,0.42310030395136766
P0169,1.7142857142857142,0.42310030395136766
P1211,1.7142857142857142,0.42310030395136766
P1242,1.7142857142857142,0.42310030395136766
P0946,1.7142857142857142,0.42310030395136766
P0688,1.7142857142857142,0.42310030395136766
P0801,1.7142857142857142,0.42310030395136766
P0529,1.7142857142857142,0.42310030395136766
P1235,1.7142857142857142,0.42310030395136766
P1311,1.7142857142857142,0.42310030395136766
P1294,1.7142857142857142,0.42310030395136766
P0391,1.7142857142857142,0.42310030395136766
P0732,1.7142857142857142,0.42310030395136766
P0728,1.7142857142857142,0.42310030395136766
P1119,1.7142857142857142,0.42310030395136766
P1340,1.7142857142857142,0.42310030395136766
P1084,1.7142857142857142,0.42310030395136766
P1176,1.7142857142857142,0.42310030395136766
P1168,1.7142857142857142,0.42310030395136766
P1484,1.7142857142857142,0.42310030395136766
P1435,1.7142857142857142,0.42310030395136766
P0874,1.7142857142857142,0.42310030395136766
P1064,1.7142857142857142,0.42310030395136766
P1066,1.7142857142857142,0.42310030395136766
P1093,1.7142857142857142,0.42310030395136766
P0017,1.7142857142857142,0.42310030395136766
P1441,1.7058823529411764,0.4175219023779724
P0228,1.7058823529411764,0.4175219023779724
P0226,1.7058823529411764,0.4175219023779724
P1239,1.7058823529411764,0.4175219023779724
P0486,1.7058823529411764,0.4175219023779724
P0873,1.7058823529411764,0.4175219023779724
P0961,1.7058823529411764,0.4175219023779724
P0049,1.7058823529411764,0.4175219023779724
P0424,1.7058823529411764,0.4175219023779724
P0441,1.7058823529411764,0.4175219023779724
P0462,1.7058823529411764,0.4175219023779724
P1327,1.7058823529411764,0.4175219023779724
P0292,1.7058823529411764,0.4175219023779724
P0006,1.7058823529411764,0.4175219023779724
P0517,1.7058823529411764,0.4175219023779724
P0261,1.7058823529411764,0.4175219023779724
P0501,1.7058823529411764,0.4175219023779724
P0148,1.7058823529411764,0.4175219023779724
P1371,1.7058823529411764,0.4175219023779724
P0302,1.7058823529411764,0.4175219023779724
P0357,1.7058823529411764,0.4175219023779724
P1287,1.7058823529411764,0.4175219023779724
P1253,1.7058823529411764,0.4175219023779724
P0904,1.7,0.4136170212765957
P0808,1.7,0.4136170212765957
P0089,1.7,0.4136170212765957
P1289,1.7,0.4136170212765957
P0210,1.6923076923076923,0.40851063829787226
P0412,1.6923076923076923,0.40851063829787226
P0190,1.6923076923076923,0.40851063829787226
P0423,1.6923076923076923,0.40851063829787226
P1086,1.6923076923076923,0.40851063829787226
P0060,1.6923076923076923,0.40851063829787226
P0714,1.6923076923076923,0.40851063829787226
P1027,1.6923076923076923,0.40851063829787226
P1000,1.6923076923076923,0.40851063829787226
P0965,1.6923076923076923,0.40851063829787226
P0796,1.6923076923076923,0.40851063829787226
P0524,1.6923076923076923,0.40851063829787226
P0344,1.6923076923076923,0.40851063829787226
P0260,1.6923076923076923,0.40851063829787226
P1438,1.6875,0.40531914893617027
P0201,1.6875,0.40531914893617027
P0680,1.6875,0.40531914893617027
P1496,1.6875,0.40531914893617027
P1407,1.6875,0.40531914893617027
P0676,1.6875,0.40531914893617027
P1498,1.6875,0.40531914893617027
P0296,1.6875,0.40531914893617027
P1099,1.6875,0.40531914893617027
P1067,1.6875,0.40531914893617027
P1121,1.6875,0.40531914893617027
P1328,1.6875,0.40531914893617027
P0383,1.6875,0.40531914893617027
P0493,1.6875,0.40531914893617027
P0762,1.6875,0.40531914893617027
P1143,1.6875,0.40531914893617027
P0541,1.6875,0.40531914893617027
P1338,1.6875,0.40531914893617027
P1243,1.6875,0.40531914893617027
P0828,1.6875,0.40531914893617027
P0431,1.6875,0.40531914893617027
P0626,1.6875,0.40531914893617027
P0042,1.6875,0.40531914893617027
P1075,1.6875,0.40531914893617027
P0368,1.6875,0.40531914893617027
P1163,1.6875,0.40531914893617027
P0755,1.6875,0.40531914893617027
P0151,1.6842105263157894,0.4031354983202686
P1024,1.6842105263157894,0.4031354983202686
P0252,1.6842105263157894,0.4031354983202686
P0460,1.6842105263157894,0.4031354983202686
P0216,1.6842105263157894,0.4031354983202686
P0414,1.6842105263157894,0.4031354983202686
P0742,1.6842105263157894,0.4031354983202686
P0327,1.6842105263157894,0.4031354983202686
P1248,1.6842105263157894,0.4031354983202686
P0849,1.6818181818181819,0.40154738878143137
P0237,1.6666666666666667,0.3914893617021278
P0422,1.6666666666666667,0.3914893617021278
P0479,1.6666666666666667,0.3914893617021278
P0644,1.6666666666666667,0.3914893617021278
P0648,1.6666666666666667,0.3914893617021278
P0433,1.6666666666666667,0.3914893617021278
P0004,1.6666666666666667,0.3914893617021278
P0200,1.6666666666666667,0.3914893617021278
P0901,1.6666666666666667,0.3914893617021278
P1178,1.6666666666666667,0.3914893617021278
P1166,1.6666666666666667,0.3914893617021278
P0227,1.6666666666666667,0.3914893617021278
P1490,1.6666666666666667,0.3914893617021278
P0637,1.6666666666666667,0.3914893617021278
P0636,1.6666666666666667,0.3914893617021278
P0624,1.6666666666666667,0.3914893617021278
P0948,1.6666666666666667,0.3914893617021278
P0480,1.6666666666666667,0.3914893617021278
P0409,1.6666666666666667,0.3914893617021278
P0476,1.6666666666666667,0.3914893617021278
P1139,1.6666666666666667,0.3914893617021278
P1137,1.6666666666666667,0.3914893617021278
P1229,1.6666666666666667,0.3914893617021278
P1267,1.6666666666666667,0.3914893617021278
P0153,1.6666666666666667,0.3914893617021278
P1269,1.6666666666666667,0.3914893617021278
P0511,1.6666666666666667,0.3914893617021278
P1291,1.6666666666666667,0.3914893617021278
P0139,1.6666666666666667,0.3914893617021278
P0248,1.6666666666666667,0.3914893617021278
P0257,1.6666666666666667,0.3914893617021278
P0354,1.6666666666666667,0.3914893617021278
P0347,1.6666666666666667,0.3914893617021278
P0356,1.6666666666666667,0.3914893617021278
P1003,1.6666666666666667,0.3914893617021278
P1002,1.6666666666666667,0.3914893617021278
P0528,1.6666666666666667,0.3914893617021278
P0783,1.6666666666666667,0.3914893617021278
P0976,1.6666666666666667,0.3914893617021278
P0974,1.6666666666666667,0.3914893617021278
P0996,1.6666666666666667,0.3914893617021278
P0363,1.6666666666666667,0.3914893617021278
P1332,1.6666666666666667,0.3914893617021278
P0551,1.6666666666666667,0.3914893617021278
P0754,1.6666666666666667,0.3914893617021278
P0701,1.6666666666666667,0.3914893617021278
P0077,1.6666666666666667,0.3914893617021278
P0291,1.6666666666666667,0.3914893617021278
P1402,1.6666666666666667,0.3914893617021278
P1026,1.6666666666666667,0.3914893617021278
P0562,1.6666666666666667,0.3914893617021278
P0559,1.6666666666666667,0.3914893617021278
P1032,1.6666666666666667,0.3914893617021278
P0682,1.6666666666666667,0.3914893617021278
P1087,1.6666666666666667,0.3914893617021278
P1042,1.6666666666666667,0.3914893617021278
P0321,1.6666666666666667,0.3914893617021278
P0684,1.6666666666666667,0.3914893617021278
P1405,1.6666666666666667,0.3914893617021278
P1462,1.6666666666666667,0.3914893617021278
P0018,1.6666666666666667,0.3914893617021278
P1157,1.6521739130434783,0.38186864014801114
P1347,1.65,0.3804255319148935
P1285,1.65,0.3804255319148935
P1102,1.65,0.3804255319148935
P1440,1.6470588235294117,0.37847309136420515
P1457,1.6470588235294117,0.37847309136420515
P0633,1.6470588235294117,0.37847309136420515
P0629,1.6470588235294117,0.37847309136420515
P0133,1.6470588235294117,0.37847309136420515
P1348,1.6470588235294117,0.37847309136420515
P1295,1.6470588235294117,0.37847309136420515
P1125,1.6470588235294117,0.37847309136420515
P1192,1.6470588235294117,0.37847309136420515
P1427,1.6470588235294117,0.37847309136420515
P0612,1.6470588235294117,0.37847309136420515
P1446,1.6470588235294117,0.37847309136420515
P0256,1.6470588235294117,0.37847309136420515
P0186,1.6470588235294117,0.37847309136420515
P0860,1.6470588235294117,0.37847309136420515
P0864,1.6470588235294117,0.37847309136420515
P0846,1.6470588235294117,0.37847309136420515
P1491,1.6470588235294117,0.37847309136420515
P1459,1.6470588235294117,0.37847309136420515
P0739,1.6470588235294117,0.37847309136420515
P0867,1.6470588235294117,0.37847309136420515
P0713,1.6470588235294117,0.37847309136420515
P0442,1.6470588235294117,0.37847309136420515
P0882,1.6470588235294117,0.37847309136420515
P1004,1.6470588235294117,0.37847309136420515
P0951,1.6470588235294117,0.37847309136420515
P1031,1.6470588235294117,0.37847309136420515
P0325,1.6470588235294117,0.37847309136420515
P0313,1.6428571428571428,0.3756838905775075
P0928,1.6428571428571428,0.3756838905775075
P1303,1.6428571428571428,0.3756838905775075
P1330,1.6428571428571428,0.3756838905775075
P1158,1.6428571428571428,0.3756838905775075
P0202,1.6428571428571428,0.3756838905775075
P0212,1.6428571428571428,0.3756838905775075
P1217,1.6428571428571428,0.3756838905775075
P0179,1.6428571428571428,0.3756838905775075
P0746,1.6428571428571428,0.3756838905775075
P0475,1.6428571428571428,0.3756838905775075
P0799,1.6428571428571428,0.3756838905775075
P0616,1.6428571428571428,0.3756838905775075
P0443,1.6428571428571428,0.3756838905775075
P0920,1.6428571428571428,0.3756838905775075
P0857,1.6428571428571428,0.3756838905775075
P1404,1.6428571428571428,0.3756838905775075
P1343,1.6428571428571428,0.3756838905775075
P0058,1.6428571428571428,0.3756838905775075
P1475,1.6428571428571428,0.3756838905775075
P0611,1.6428571428571428,0.3756838905775075
P1053,1.6363636363636365,0.3713733075435204
P0307,1.6363636363636365,0.3713733075435204
P0311,1.6363636363636365,0.3713733075435204
P1436,1.6363636363636365,0.3713733075435204
P0243,1.631578947368421,0.3681970884658454
P1136,1.631578947368421,0.3681970884658454
P0670,1.631578947368421,0.3681970884658454
P1155,1.631578947368421,0.3681970884658454
P0016,1.631578947368421,0.3681970884658454
P0171,1.631578947368421,0.3681970884658454
P0609,1.631578947368421,0.3681970884658454
P0403,1.631578947368421,0.3681970884658454
P0538,1.631578947368421,0.3681970884658454
P0756,1.625,0.3638297872340426
P1460,1.625,0.3638297872340426
P0019,1.625,0.3638297872340426
P0940,1.625,0.3638297872340426
P0814,1.625,0.3638297872340426
P0484,1.625,0.3638297872340426
P0150,1.625,0.3638297872340426
P0671,1.625,0.3638297872340426
P1251,1.625,0.3638297872340426
P1465,1.625,0.3638297872340426
P0467,1.625,0.3638297872340426
P0444,1.625,0.3638297872340426
P0938,1.625,0.3638297872340426
P1094,1.625,0.3638297872340426
P0047,1.625,0.3638297872340426
P1411,1.625,0.3638297872340426
P0069,1.625,0.3638297872340426
P1329,1.625,0.3638297872340426
P0094,1.625,0.3638297872340426
P0298,1.619047619047619,0.35987841945288745
P1195,1.619047619047619,0.35987841945288745
P0294,1.6153846153846154,0.35744680851063837
P0275,1.6153846153846154,0.35744680851063837
P0879,1.6153846153846154,0.35744680851063837
P0578,1.6153846153846154,0.35744680851063837
P0297,1.6153846153846154,0.35744680851063837
P0725,1.6153846153846154,0.35744680851063837
P0556,1.6153846153846154,0.35744680851063837
P0809,1.6153846153846154,0.35744680851063837
P0437,1.6153846153846154,0.35744680851063837
P0514,1.6153846153846154,0.35744680851063837
P0758,1.6153846153846154,0.35744680851063837
P0492,1.6153846153846154,0.35744680851063837
P1170,1.6111111111111112,0.35460992907801425
P1161,1.6111111111111112,0.35460992907801425
P0664,1.6111111111111112,0.35460992907801425
P0156,1.6111111111111112,0.35460992907801425
P0173,1.6111111111111112,0.35460992907801425
P1249,1.6111111111111112,0.35460992907801425
P1470,1.6111111111111112,0.35460992907801425
P0054,1.6111111111111112,0.35460992907801425
P0641,1.6111111111111112,0.35460992907801425
P1432,1.6111111111111112,0.35460992907801425
P1373,1.6111111111111112,0.35460992907801425
P1314,1.6111111111111112,0.35460992907801425
P0128,1.6111111111111112,0.35460992907801425
P1141,1.6111111111111112,0.35460992907801425
P0250,1.6111111111111112,0.35460992907801425
P1181,1.6111111111111112,0.35460992907801425
P0922,1.6111111111111112,0.35460992907801425
P1033,1.6111111111111112,0.35460992907801425
P1046,1.6111111111111112,0.35460992907801425
P1052,1.6111111111111112,0.35460992907801425
P0329,1.6111111111111112,0.35460992907801425
P0878,1.6111111111111112,0.35460992907801425
P0919,1.6111111111111112,0.35460992907801425
P0488,1.6111111111111112,0.35460992907801425
P0854,1.6111111111111112,0.35460992907801425
P0750,1.6111111111111112,0.35460992907801425
P0765,1.6111111111111112,0.35460992907801425
P0773,1.6111111111111112,0.35460992907801425
P0741,1.6111111111111112,0.35460992907801425
P0021,1.6,0.34723404255319146
P0046,1.6,0.34723404255319146
P1456,1.6,0.34723404255319146
P0576,1.6,0.34723404255319146
P0303,1.6,0.34723404255319146
P1425,1.6,0.34723404255319146
P0544,1.6,0.34723404255319146
P0693,1.6,0.34723404255319146
P1070,1.6,0.34723404255319146
P1069,1.6,0.34723404255319146
P0326,1.6,0.34723404255319146
P0167,1.6,0.34723404255319146
P0163,1.6,0.34723404255319146
P1279,1.6,0.34723404255319146
P1274,1.6,0.34723404255319146
P1272,1.6,0.34723404255319146
P1300,1.6,0.34723404255319146
P1296,1.6,0.34723404255319146
P1212,1.6,0.34723404255319146
P1209,1.6,0.34723404255319146
P0787,1.6,0.34723404255319146
P0498,1.6,0.34723404255319146
P1447,1.6,0.34723404255319146
P1323,1.6,0.34723404255319146
P0925,1.6,0.34723404255319146
P1341,1.6,0.34723404255319146
P0647,1.6,0.34723404255319146
P1122,1.6,0.34723404255319146
P0885,1.6,0.34723404255319146
P0884,1.6,0.34723404255319146
P0430,1.6,0.34723404255319146
P0862,1.6,0.34723404255319146
P0850,1.6,0.34723404255319146
P0466,1.6,0.34723404255319146
P0238,1.6,0.34723404255319146
P1130,1.6,0.34723404255319146
P1186,1.6,0.34723404255319146
P0686,1.6,0.34723404255319146
P1400,1.6,0.34723404255319146
P1399,1.6,0.34723404255319146
P1167,1.6,0.34723404255319146
P0052,1.6,0.34723404255319146
P0039,1.6,0.34723404255319146
P0032,1.6,0.34723404255319146
P0587,1.6,0.34723404255319146
P0911,1.5909090909090908,0.34119922630560917
P1038,1.588235294117647,0.3394242803504379
P0205,1.588235294117647,0.3394242803504379
P0804,1.588235294117647,0.3394242803504379
P1307,1.588235294117647,0.3394242803504379
P0956,1.588235294117647,0.3394242803504379
P1331,1.588235294117647,0.3394242803504379
P1109,1.588235294117647,0.3394242803504379
P0485,1.588235294117647,0.3394242803504379
P1302,1.588235294117647,0.3394242803504379
P1018,1.588235294117647,0.3394242803504379
P0135,1.588235294117647,0.3394242803504379
P1351,1.588235294117647,0.3394242803504379
P1115,1.588235294117647,0.3394242803504379
P0425,1.588235294117647,0.3394242803504379
P0893,1.588235294117647,0.3394242803504379
P0856,1.588235294117647,0.3394242803504379
P0589,1.588235294117647,0.3394242803504379
P0640,1.588235294117647,0.3394242803504379
P1487,1.588235294117647,0.3394242803504379
P0268,1.588235294117647,0.3394242803504379
P1354,1.588235294117647,0.3394242803504379
P0724,1.588235294117647,0.3394242803504379
P0935,1.588235294117647,0.3394242803504379
P0876,1.588235294117647,0.3394242803504379
P0771,1.588235294117647,0.3394242803504379
P0917,1.588235294117647,0.3394242803504379
P1082,1.5833333333333333,0.3361702127659574
P0662,1.5833333333333333,0.3361702127659574
P0270,1.5833333333333333,0.3361702127659574
P0738,1.5833333333333333,0.3361702127659574
P0880,1.5833333333333333,0.3361702127659574
P0282,1.5833333333333333,0.3361702127659574
P0184,1.5789473684210527,0.3332586786114222
P1448,1.5789473684210527,0.3332586786114222
P0749,1.5789473684210527,0.3332586786114222
P1171,1.5789473684210527,0.3332586786114222
P0267,1.5789473684210527,0.3332586786114222
P0737,1.5789473684210527,0.3332586786114222
P0111,1.5789473684210527,0.3332586786114222
P0059,1.5789473684210527,0.3332586786114222
P0362,1.5789473684210527,0.3332586786114222
P0348,1.5789473684210527,0.3332586786114222
P0555,1.5789473684210527,0.3332586786114222
P1076,1.5714285714285714,0.32826747720364735
P1054,1.5714285714285714,0.32826747720364735
P0087,1.5714285714285714,0.32826747720364735
P1420,1.5714285714285714,0.32826747720364735
P1430,1.5714285714285714,0.32826747720364735
P0300,1.5714285714285714,0.32826747720364735
P0953,1.5714285714285714,0.32826747720364735
P1214,1.5714285714285714,0.32826747720364735
P0145,1.5714285714285714,0.32826747720364735
P0826,1.5714285714285714,0.32826747720364735
P0992,1.5714285714285714,0.32826747720364735
P1266,1.5714285714285714,0.32826747720364735
P1316,1.5714285714285714,0.32826747720364735
P0806,1.5714285714285714,0.32826747720364735
P0491,1.5714285714285714,0.32826747720364735
P1012,1.5714285714285714,0.32826747720364735
P1335,1.5714285714285714,0.32826747720364735
P0062,1.5714285714285714,0.32826747720364735
P1417,1.5714285714285714,0.32826747720364735
P0372,1.5714285714285714,0.32826747720364735
P1339,1.5714285714285714,0.32826747720364735
P0417,1.5714285714285714,0.32826747720364735
P0377,1.5714285714285714,0.32826747720364735
P0834,1.5714285714285714,0.32826747720364735
P1349,1.5714285714285714,0.32826747720364735
P0434,1.5714285714285714,0.32826747720364735
P1117,1.5714285714285714,0.32826747720364735
P0891,1.5714285714285714,0.32826747720364735
P0083,1.5714285714285714,0.32826747720364735
P0610,1.5714285714285714,0.32826747720364735
P0649,1.5714285714285714,0.32826747720364735
P1218,1.5714285714285714,0.32826747720364735
P1478,1.5625,0.3223404255319149
P0577,1.5625,0.3223404255319149
P0469,1.5625,0.3223404255319149
P0091,1.5625,0.3223404255319149
P0078,1.5625,0.3223404255319149
P0639,1.5625,0.3223404255319149
P0881,1.5625,0.3223404255319149
P1147,1.5625,0.3223404255319149
P0105,1.5625,0.3223404255319149
P0552,1.5625,0.3223404255319149
P0933,1.5625,0.3223404255319149
P0720,1.5625,0.3223404255319149
P0847,1.5625,0.3223404255319149
P0836,1.5625,0.3223404255319149
P0359,1.5625,0.3223404255319149
P0165,1.5625,0.3223404255319149
P0137,1.5625,0.3223404255319149
P1315,1.5625,0.3223404255319149
P1108,1.5625,0.3223404255319149
P0146,1.5625,0.3223404255319149
P0779,1.5625,0.3223404255319149
P0502,1.5625,0.3223404255319149
P0343,1.5625,0.3223404255319149
P1055,1.5625,0.3223404255319149
P1247,1.5625,0.3223404255319149
P1078,1.5625,0.3223404255319149
P0315,1.5625,0.3223404255319149
P1079,1.5625,0.3223404255319149
P0702,1.5625,0.3223404255319149
P0537,1.5625,0.3223404255319149
P1083,1.5625,0.3223404255319149
P1090,1.5625,0.3223404255319149
P0005,1.5625,0.3223404255319149
P1146,1.5555555555555556,0.3177304964539007
P0505,1.5555555555555556,0.3177304964539007
P0490,1.5555555555555556,0.3177304964539007
P0820,1.5555555555555556,0.3177304964539007
P0525,1.5555555555555556,0.3177304964539007
P0107,1.5555555555555556,0.3177304964539007
P0131,1.5555555555555556,0.3177304964539007
P1473,1.5555555555555556,0.3177304964539007
P0731,1.5555555555555556,0.3177304964539007
P0595,1.5555555555555556,0.3177304964539007
P1223,1.5555555555555556,0.3177304964539007
P0218,1.5555555555555556,0.3177304964539007
P1234,1.5555555555555556,0.3177304964539007
P1361,1.5555555555555556,0.3177304964539007
P0030,1.55,0.31404255319148944
P0565,1.55,0.31404255319148944
P0436,1.55,0.31404255319148944
P0416,1.55,0.31404255319148944
P0898,1.55,0.31404255319148944
P0197,1.55,0.31404255319148944
P1263,1.55,0.31404255319148944
P0753,1.55,0.31404255319148944
P1089,1.5454545454545454,0.3110251450676982
P1244,1.5454545454545454,0.3110251450676982
P0660,1.5454545454545454,0.3110251450676982
P0124,1.5454545454545454,0.3110251450676982
P0667,1.5454545454545454,0.3110251450676982
P0566,1.5454545454545454,0.3110251450676982
P0349,1.5384615384615385,0.30638297872340425
P0837,1.5384615384615385,0.30638297872340425
P0855,1.5384615384615385,0.30638297872340425
P1369,1.5384615384615385,0.30638297872340425
P0070,1.5384615384615385,0.30638297872340425
P0440,1.5384615384615385,0.30638297872340425
P0743,1.5384615384615385,0.30638297872340425
P0365,1.5384615384615385,0.30638297872340425
P0939,1.5384615384615385,0.30638297872340425
P0583,1.5384615384615385,0.30638297872340425
P0287,1.5384615384615385,0.30638297872340425
P1048,1.5384615384615385,0.30638297872340425
P0024,1.5384615384615385,0.30638297872340425
P0759,1.5384615384615385,0.30638297872340425
P1288,1.5384615384615385,0.30638297872340425
P0512,1.5384615384615385,0.30638297872340425
P0346,1.5384615384615385,0.30638297872340425
P0290,1.5333333333333334,0.30297872340425536
P0314,1.5333333333333334,0.30297872340425536
P0665,1.5333333333333334,0.30297872340425536
P0503,1.5333333333333334,0.30297872340425536
P0815,1.5333333333333334,0.30297872340425536
P0521,1.5333333333333334,0.30297872340425536
P1434,1.5333333333333334,0.30297872340425536
P0744,1.5333333333333334,0.30297872340425536
P0453,1.5333333333333334,0.30297872340425536
P1482,1.5333333333333334,0.30297872340425536
P0426,1.5333333333333334,0.30297872340425536
P0382,1.5333333333333334,0.30297872340425536
P1193,1.5333333333333334,0.30297872340425536
P0459,1.5333333333333334,0.30297872340425536
P0789,1.5333333333333334,0.30297872340425536
P0782,1.5333333333333334,0.30297872340425536
P0509,1.5333333333333334,0.30297872340425536
P1009,1.5333333333333334,0.30297872340425536
P1306,1.5333333333333334,0.30297872340425536
P1312,1.5333333333333334,0.30297872340425536
P0973,1.5333333333333334,0.30297872340425536
P0057,1.5333333333333334,0.30297872340425536
P1021,1.5333333333333334,0.30297872340425536
P1025,1.5333333333333334,0.30297872340425536
P0093,1.5333333333333334,0.30297872340425536
P1359,1.5294117647058822,0.3003754693366707
P1194,1.5294117647058822,0.3003754693366707
P0596,1.5294117647058822,0.3003754693366707
P0229,1.5294117647058822,0.3003754693366707
P1346,1.5294117647058822,0.3003754693366707
P1222,1.5294117647058822,0.3003754693366707
P0088,1.5294117647058822,0.3003754693366707
P0590,1.5294117647058822,0.3003754693366707
P0593,1.5294117647058822,0.3003754693366707
P0597,1.5294117647058822,0.3003754693366707
P1162,1.5294117647058822,0.3003754693366707
P0585,1.5294117647058822,0.3003754693366707
P1233,1.5294117647058822,0.3003754693366707
P0605,1.5294117647058822,0.3003754693366707
P0679,1.5294117647058822,0.3003754693366707
P0619,1.5294117647058822,0.3003754693366707
P1385,1.5294117647058822,0.3003754693366707
P0797,1.5294117647058822,0.3003754693366707
P0580,1.5294117647058822,0.3003754693366707
P0752,1.5294117647058822,0.3003754693366707
P1240,1.5294117647058822,0.3003754693366707
P0175,1.5294117647058822,0.3003754693366707
P1112,1.5294117647058822,0.3003754693366707
P0263,1.5294117647058822,0.3003754693366707
P0959,1.5294117647058822,0.3003754693366707
P1041,1.5294117647058822,0.3003754693366707
P0121,1.5294117647058822,0.3003754693366707
P0147,1.5294117647058822,0.3003754693366707
P1401,1.5294117647058822,0.3003754693366707
P0472,1.5294117647058822,0.3003754693366707
P1443,1.5294117647058822,0.3003754693366707
P0733,1.5294117647058822,0.3003754693366707
P0674,1.5263157894736843,0.298320268756999
P0360,1.5263157894736843,0.298320268756999
P0075,1.5263157894736843,0.298320268756999
P0386,1.5263157894736843,0.298320268756999
P0220,1.5263157894736843,0.298320268756999
P0470,1.5263157894736843,0.298320268756999
P1325,1.5263157894736843,0.298320268756999
P0987,1.5263157894736843,0.298320268756999
P1393,1.5263157894736843,0.298320268756999
P0312,1.5263157894736843,0.298320268756999
P1241,1.5263157894736843,0.298320268756999
P0962,1.5263157894736843,0.298320268756999
P1105,1.5263157894736843,0.298320268756999
P1213,1.5263157894736843,0.298320268756999
P0757,1.5238095238095237,0.29665653495440725
P0886,1.5238095238095237,0.29665653495440725
P0352,1.5238095238095237,0.29665653495440725
P0407,1.5238095238095237,0.29665653495440725
P0396,1.5238095238095237,0.29665653495440725
P0706,1.5238095238095237,0.29665653495440725
P0222,1.5,0.2808510638297872
P0774,1.5,0.2808510638297872
P0588,1.5,0.2808510638297872
P0241,1.5,0.2808510638297872
P0601,1.5,0.2808510638297872
P0858,1.5,0.2808510638297872
P0863,1.5,0.2808510638297872
P1150,1.5,0.2808510638297872
P0168,1.5,0.2808510638297872
P0048,1.5,0.2808510638297872
P0638,1.5,0.2808510638297872
P0100,1.5,0.2808510638297872
P0631,1.5,0.2808510638297872
P1365,1.5,0.2808510638297872
P0645,1.5,0.2808510638297872
P1360,1.5,0.2808510638297872
P1380,1.5,0.2808510638297872
P0086,1.5,0.2808510638297872
P1356,1.5,0.2808510638297872
P0076,1.5,0.2808510638297872
P1364,1.5,0.2808510638297872
P0718,1.5,0.2808510638297872
P0722,1.5,0.2808510638297872
P0703,1.5,0.2808510638297872
P0707,1.5,0.2808510638297872
P1197,1.5,0.2808510638297872
P1201,1.5,0.2808510638297872
P0955,1.5,0.2808510638297872
P0954,1.5,0.2808510638297872
P0390,1.5,0.2808510638297872
P0373,1.5,0.2808510638297872
P0949,1.5,0.2808510638297872
P0236,1.5,0.2808510638297872
P1334,1.5,0.2808510638297872
P0944,1.5,0.2808510638297872
P0061,1.5,0.2808510638297872
P0132,1.5,0.2808510638297872
P0519,1.5,0.2808510638297872
P0792,1.5,0.2808510638297872
P0213,1.5,0.2808510638297872
P1190,1.5,0.2808510638297872
P0214,1.5,0.2808510638297872
P0262,1.5,0.2808510638297872
P0971,1.5,0.2808510638297872
P0129,1.5,0.2808510638297872
P0966,1.5,0.2808510638297872
P0185,1.5,0.2808510638297872
P1437,1.5,0.2808510638297872
P0164,1.5,0.2808510638297872
P1413,1.5,0.2808510638297872
P0985,1.5,0.2808510638297872
P0508,1.5,0.2808510638297872
P0831,1.5,0.2808510638297872
P0818,1.5,0.2808510638297872
P1396,1.5,0.2808510638297872
P0043,1.5,0.2808510638297872
P1202,1.5,0.2808510638297872
P1301,1.5,0.2808510638297872
P0351,1.5,0.2808510638297872
P1260,1.5,0.2808510638297872
P1254,1.5,0.2808510638297872
P1019,1.5,0.2808510638297872
P0353,1.5,0.2808510638297872
P0166,1.5,0.2808510638297872
P1034,1.5,0.2808510638297872
P1059,1.5,0.2808510638297872
P1049,1.5,0.2808510638297872
P1044,1.5,0.2808510638297872
P0689,1.5,0.2808510638297872
P1039,1.5,0.2808510638297872
P1060,1.5,0.2808510638297872
P1061,1.5,0.2808510638297872
P1056,1.5,0.2808510638297872
P0339,1.5,0.2808510638297872
P0332,1.5,0.2808510638297872
P0283,1.5,0.2808510638297872
P0659,1.5,0.2808510638297872
P1250,1.5,0.2808510638297872
P0031,1.5,0.2808510638297872
P1488,1.5,0.2808510638297872
P0582,1.5,0.2808510638297872
P0539,1.5,0.2808510638297872
P0696,1.5,0.2808510638297872
P1454,1.5,0.2808510638297872
P0053,1.5,0.2808510638297872
P1421,1.5,0.2808510638297872
P1387,1.5,0.2808510638297872
P0299,1.5,0.2808510638297872
P0308,1.5,0.2808510638297872
P1097,1.5,0.2808510638297872
P0013,1.5,0.2808510638297872
P1188,1.4761904761904763,0.26504559270516725
P0705,1.4761904761904763,0.26504559270516725
P0833,1.4761904761904763,0.26504559270516725
P0281,1.4736842105263157,0.2633818589025756
P0730,1.4736842105263157,0.2633818589025756
P1426,1.4736842105263157,0.2633818589025756
P0367,1.4736842105263157,0.2633818589025756
P0117,1.4736842105263157,0.2633818589025756
P0295,1.4736842105263157,0.2633818589025756
P0126,1.4705882352941178,0.2613266583229037
P0007,1.4705882352941178,0.2613266583229037
P0573,1.4705882352941178,0.2613266583229037
P1074,1.4705882352941178,0.2613266583229037
P1468,1.4705882352941178,0.2613266583229037
P1246,1.4705882352941178,0.2613266583229037
P0247,1.4705882352941178,0.2613266583229037
P0380,1.4705882352941178,0.2613266583229037
P0014,1.4705882352941178,0.2613266583229037
P0650,1.4705882352941178,0.2613266583229037
P0499,1.4705882352941178,0.2613266583229037
P0207,1.4705882352941178,0.2613266583229037
P1152,1.4705882352941178,0.2613266583229037
P0419,1.4705882352941178,0.2613266583229037
P0786,1.4705882352941178,0.2613266583229037
P0526,1.4705882352941178,0.2613266583229037
P1028,1.4705882352941178,0.2613266583229037
P1262,1.4705882352941178,0.2613266583229037
P1305,1.4705882352941178,0.2613266583229037
P0700,1.4705882352941178,0.2613266583229037
P1200,1.4705882352941178,0.2613266583229037
P0044,1.4666666666666666,0.25872340425531914
P0023,1.4666666666666666,0.25872340425531914
P0010,1.4666666666666666,0.25872340425531914
P1081,1.4666666666666666,0.25872340425531914
P0775,1.4666666666666666,0.25872340425531914
P0520,1.4666666666666666,0.25872340425531914
P0324,1.4666666666666666,0.25872340425531914
P0323,1.4666666666666666,0.25872340425531914
P1220,1.4666666666666666,0.25872340425531914
P1500,1.4666666666666666,0.25872340425531914
P1088,1.4666666666666666,0.25872340425531914
P1317,1.4666666666666666,0.25872340425531914
P1362,1.4666666666666666,0.25872340425531914
P0408,1.4666666666666666,0.25872340425531914
P0415,1.4666666666666666,0.25872340425531914
P0109,1.4666666666666666,0.25872340425531914
P0678,1.4666666666666666,0.25872340425531914
P0958,1.4666666666666666,0.25872340425531914
P0143,1.4666666666666666,0.25872340425531914
P0663,1.4666666666666666,0.25872340425531914
P0982,1.4666666666666666,0.25872340425531914
P0194,1.4666666666666666,0.25872340425531914
P0813,1.4666666666666666,0.25872340425531914
P0810,1.4666666666666666,0.25872340425531914
P0558,1.4666666666666666,0.25872340425531914
P0457,1.4666666666666666,0.25872340425531914
P0866,1.4666666666666666,0.25872340425531914
P0889,1.4666666666666666,0.25872340425531914
P1382,1.4666666666666666,0.25872340425531914
P0869,1.4666666666666666,0.25872340425531914
P0822,1.4615384615384615,0.25531914893617014
P0635,1.4615384615384615,0.25531914893617014
P1439,1.4615384615384615,0.25531914893617014
P0113,1.4615384615384615,0.25531914893617014
P0899,1.4615384615384615,0.25531914893617014
P1005,1.4615384615384615,0.25531914893617014
P0439,1.4615384615384615,0.25531914893617014
P1397,1.4615384615384615,0.25531914893617014
P0079,1.4615384615384615,0.25531914893617014
P1483,1.4545454545454546,0.2506769825918762
P0769,1.4545454545454546,0.2506769825918762
P0735,1.4545454545454546,0.2506769825918762
P1270,1.45,0.24765957446808506
P0191,1.45,0.24765957446808506
P0918,1.45,0.24765957446808506
P0668,1.45,0.24765957446808506
P0196,1.45,0.24765957446808506
P0868,1.45,0.24765957446808506
P0781,1.45,0.24765957446808506
P0474,1.45,0.24765957446808506
P0522,1.45,0.24765957446808506
P0745,1.45,0.24765957446808506
P0805,1.4444444444444444,0.24397163120567378
P1409,1.4444444444444444,0.24397163120567378
P1173,1.4444444444444444,0.24397163120567378
P1395,1.4444444444444444,0.24397163120567378
P0435,1.4444444444444444,0.24397163120567378
P0454,1.4444444444444444,0.24397163120567378
P0464,1.4444444444444444,0.24397163120567378
P1321,1.4444444444444444,0.24397163120567378
P0172,1.4444444444444444,0.24397163120567378
P0340,1.4444444444444444,0.24397163120567378
P0277,1.4444444444444444,0.24397163120567378
P0397,1.4444444444444444,0.24397163120567378
P0937,1.4444444444444444,0.24397163120567378
P0726,1.4444444444444444,0.24397163120567378
P0112,1.4444444444444444,0.24397163120567378
P1445,1.4444444444444444,0.24397163120567378
P1040,1.4444444444444444,0.24397163120567378
P1431,1.4444444444444444,0.24397163120567378
P0550,1.4375,0.23936170212765961
P0598,1.4375,0.23936170212765961
P1184,1.4375,0.23936170212765961
P1389,1.4375,0.23936170212765961
P0913,1.4375,0.23936170212765961
P0246,1.4375,0.23936170212765961
P0115,1.4375,0.23936170212765961
P0102,1.4375,0.23936170212765961
P1392,1.4375,0.23936170212765961
P0458,1.4375,0.23936170212765961
P0141,1.4375,0.23936170212765961
P0158,1.4375,0.23936170212765961
P0988,1.4375,0.23936170212765961
P0677,1.4375,0.23936170212765961
P0333,1.4375,0.23936170212765961
P1226,1.4375,0.23936170212765961
P0170,1.4375,0.23936170212765961
P1106,1.4375,0.23936170212765961
P0055,1.4375,0.23936170212765961
P0036,1.4375,0.23936170212765961
P0033,1.4375,0.23936170212765961
P0355,1.434782608695652,0.23755781683626265
P1463,1.4285714285714286,0.23343465045592704
P1051,1.4285714285714286,0.23343465045592704
P0518,1.4285714285714286,0.23343465045592704
P1071,1.4285714285714286,0.23343465045592704
P0618,1.4285714285714286,0.23343465045592704
P1469,1.4285714285714286,0.23343465045592704
P1073,1.4285714285714286,0.23343465045592704
P0865,1.4285714285714286,0.23343465045592704
P0651,1.4285714285714286,0.23343465045592704
P0234,1.4285714285714286,0.23343465045592704
P0712,1.4285714285714286,0.23343465045592704
P0784,1.4285714285714286,0.23343465045592704
P0790,1.4285714285714286,0.23343465045592704
P0627,1.4285714285714286,0.23343465045592704
P0366,1.4285714285714286,0.23343465045592704
P0361,1.4285714285714286,0.23343465045592704
P1318,1.4285714285714286,0.23343465045592704
P0838,1.4285714285714286,0.23343465045592704
P0159,1.4285714285714286,0.23343465045592704
P0824,1.4285714285714286,0.23343465045592704
P1063,1.4285714285714286,0.23343465045592704
P0829,1.4285714285714286,0.23343465045592704
P1358,1.4285714285714286,0.23343465045592704
P0740,1.4210526315789473,0.22844344904815228
P1257,1.4210526315789473,0.22844344904815228
P0471,1.4210526315789473,0.22844344904815228
P0632,1.4210526315789473,0.22844344904815228
P1230,1.4210526315789473,0.22844344904815228
P0003,1.4166666666666667,0.22553191489361712
P0969,1.4166666666666667,0.22553191489361712
P1196,1.4166666666666667,0.22553191489361712
P0035,1.4166666666666667,0.22553191489361712
P0851,1.4166666666666667,0.22553191489361712
P0715,1.411764705882353,0.22227784730913647
P0095,1.411764705882353,0.22227784730913647
P0652,1.411764705882353,0.22227784730913647
P1258,1.411764705882353,0.22227784730913647
P0413,1.411764705882353,0.22227784730913647
P0304,1.411764705882353,0.22227784730913647
P0620,1.411764705882353,0.22227784730913647
P1451,1.411764705882353,0.22227784730913647
P0507,1.411764705882353,0.22227784730913647
P0900,1.411764705882353,0.22227784730913647
P0420,1.4090909090909092,0.22050290135396522
P0254,1.4,0.21446808510638293
P0015,1.4,0.21446808510638293
P1206,1.4,0.21446808510638293
P1113,1.4,0.21446808510638293
P1310,1.4,0.21446808510638293
P0266,1.4,0.21446808510638293
P0930,1.4,0.21446808510638293
P0942,1.4,0.21446808510638293
P0895,1.4,0.21446808510638293
P0923,1.4,0.21446808510638293
P0012,1.4,0.21446808510638293
P0827,1.4,0.21446808510638293
P0203,1.4,0.21446808510638293
P1370,1.4,0.21446808510638293
P0675,1.4,0.21446808510638293
P0045,1.4,0.21446808510638293
P0389,1.4,0.21446808510638293
P1008,1.4,0.21446808510638293
P0654,1.3888888888888888,0.20709219858156025
P1472,1.3888888888888888,0.20709219858156025
P0561,1.3888888888888888,0.20709219858156025
P1391,1.3888888888888888,0.20709219858156025
P1337,1.3888888888888888,0.20709219858156025
P0071,1.3888888888888888,0.20709219858156025
P1215,1.3846153846153846,0.20425531914893613
P0219,1.3846153846153846,0.20425531914893613
P1236,1.3846153846153846,0.20425531914893613
P0410,1.3846153846153846,0.20425531914893613
P0811,1.3846153846153846,0.20425531914893613
P0853,1.3846153846153846,0.20425531914893613
P1336,1.3846153846153846,0.20425531914893613
P1499,1.3846153846153846,0.20425531914893613
P0887,1.3846153846153846,0.20425531914893613
P0871,1.3846153846153846,0.20425531914893613
P0990,1.3846153846153846,0.20425531914893613
P0802,1.3846153846153846,0.20425531914893613
P0557,1.380952380952381,0.20182370820668694
P1179,1.380952380952381,0.20182370820668694
P0370,1.375,0.19787234042553192
P0084,1.375,0.19787234042553192
P0155,1.375,0.19787234042553192
P1458,1.375,0.19787234042553192
P0374,1.375,0.19787234042553192
P1228,1.375,0.19787234042553192
P0317,1.375,0.19787234042553192
P1077,1.375,0.19787234042553192
P0056,1.375,0.19787234042553192
P0318,1.375,0.19787234042553192
P0497,1.375,0.19787234042553192
P0293,1.375,0.19787234042553192
P0527,1.375,0.19787234042553192
P0600,1.375,0.19787234042553192
P0921,1.375,0.19787234042553192
P0116,1.375,0.19787234042553192
P0932,1.375,0.19787234042553192
P1419,1.375,0.19787234042553192
P1352,1.375,0.19787234042553192
P0072,1.375,0.19787234042553192
P0875,1.375,0.19787234042553192
P1383,1.375,0.19787234042553192
P1043,1.375,0.19787234042553192
P0972,1.368421052631579,0.19350503919372908
P0338,1.368421052631579,0.19350503919372908
P0608,1.368421052631579,0.19350503919372908
P0642,1.368421052631579,0.19350503919372908
P1227,1.368421052631579,0.19350503919372908
P1030,1.368421052631579,0.19350503919372908
P0278,1.3636363636363635,0.19032882011605412
P0536,1.3636363636363635,0.19032882011605412
P0394,1.3636363636363635,0.19032882011605412
P1378,1.3571428571428572,0.18601823708206688
P1175,1.3571428571428572,0.18601823708206688
P1189,1.3571428571428572,0.18601823708206688
P1172,1.3571428571428572,0.18601823708206688
P1159,1.3571428571428572,0.18601823708206688
P1120,1.3571428571428572,0.18601823708206688
P0251,1.3571428571428572,0.18601823708206688
P1486,1.3571428571428572,0.18601823708206688
P0788,1.3571428571428572,0.18601823708206688
P0970,1.3571428571428572,0.18601823708206688
P0964,1.3571428571428572,0.18601823708206688
P0345,1.3571428571428572,0.18601823708206688
P1368,1.3571428571428572,0.18601823708206688
P0625,1.3571428571428572,0.18601823708206688
P0981,1.3571428571428572,0.18601823708206688
P1357,1.3529411764705883,0.18322903629536924
P0445,1.3529411764705883,0.18322903629536924
P0980,1.3529411764705883,0.18322903629536924
P0157,1.3529411764705883,0.18322903629536924
P1283,1.3529411764705883,0.18322903629536924
P0717,1.3529411764705883,0.18322903629536924
P1165,1.3529411764705883,0.18322903629536924
P0223,1.3529411764705883,0.18322903629536924
P0149,1.3529411764705883,0.18322903629536924
P0579,1.3529411764705883,0.18322903629536924
P1104,1.3529411764705883,0.18322903629536924
P0231,1.3529411764705883,0.18322903629536924
P0284,1.3529411764705883,0.18322903629536924
P0548,1.35,0.1812765957446809
P0772,1.35,0.1812765957446809
P1231,1.35,0.1812765957446809
P0570,1.35,0.1812765957446809
P0064,1.3333333333333333,0.17021276595744683
P0285,1.3333333333333333,0.17021276595744683
P0513,1.3333333333333333,0.17021276595744683
P0286,1.3333333333333333,0.17021276595744683
P0305,1.3333333333333333,0.17021276595744683
P0328,1.3333333333333333,0.17021276595744683
P1415,1.3333333333333333,0.17021276595744683
P1252,1.3333333333333333,0.17021276595744683
P0174,1.3333333333333333,0.17021276595744683
P0316,1.3333333333333333,0.17021276595744683
P0657,1.3333333333333333,0.17021276595744683
P0698,1.3333333333333333,0.17021276595744683
P0183,1.3333333333333333,0.17021276595744683
P0225,1.3333333333333333,0.17021276595744683
P0778,1.3333333333333333,0.17021276595744683
P0067,1.3333333333333333,0.17021276595744683
P1414,1.3333333333333333,0.17021276595744683
P0161,1.3333333333333333,0.17021276595744683
P1007,1.3333333333333333,0.17021276595744683
P0461,1.3333333333333333,0.17021276595744683
P0136,1.3333333333333333,0.17021276595744683
P0455,1.3333333333333333,0.17021276595744683
P0364,1.3333333333333333,0.17021276595744683
P0968,1.3333333333333333,0.17021276595744683
P0960,1.3333333333333333,0.17021276595744683
P1309,1.3333333333333333,0.17021276595744683
P1293,1.3333333333333333,0.17021276595744683
P0991,1.3333333333333333,0.17021276595744683
P0082,1.3333333333333333,0.17021276595744683
P0630,1.3333333333333333,0.17021276595744683
P1406,1.3333333333333333,0.17021276595744683
P0376,1.3333333333333333,0.17021276595744683
P0114,1.3333333333333333,0.17021276595744683
P0531,1.3333333333333333,0.17021276595744683
P0903,1.3333333333333333,0.17021276595744683
P1461,1.3157894736842106,0.15856662933930576
P0350,1.3157894736842106,0.15856662933930576
P0532,1.3125,0.15638297872340423
P0897,1.3125,0.15638297872340423
P1022,1.3125,0.15638297872340423
P0997,1.3125,0.15638297872340423
P0272,1.3125,0.15638297872340423
P1062,1.3125,0.15638297872340423
P0661,1.3125,0.15638297872340423
P1036,1.3125,0.15638297872340423
P1203,1.3125,0.15638297872340423
P0211,1.3076923076923077,0.15319148936170213
P0038,1.3076923076923077,0.15319148936170213
P1029,1.3076923076923077,0.15319148936170213
P0681,1.3076923076923077,0.15319148936170213
P1095,1.3076923076923077,0.15319148936170213
P0777,1.3,0.14808510638297878
P0162,1.3,0.14808510638297878
P0322,1.3,0.14808510638297878
P1232,1.2941176470588236,0.14418022528160213
P1494,1.2941176470588236,0.14418022528160213
P0271,1.2941176470588236,0.14418022528160213
P1129,1.2941176470588236,0.14418022528160213
P0861,1.2857142857142858,0.13860182370820673
P0994,1.2857142857142858,0.13860182370820673
P0672,1.2857142857142858,0.13860182370820673
P0770,1.2857142857142858,0.13860182370820673
P0037,1.2857142857142858,0.13860182370820673
P0152,1.2857142857142858,0.13860182370820673
P0319,1.2857142857142858,0.13860182370820673
P0125,1.2857142857142858,0.13860182370820673
P0447,1.2777777777777777,0.1333333333333333
P1164,1.2777777777777777,0.1333333333333333
P0134,1.2777777777777777,0.1333333333333333
P1388,1.2666666666666666,0.12595744680851062
P1068,1.2666666666666666,0.12595744680851062
P0142,1.2666666666666666,0.12595744680851062
P0592,1.2666666666666666,0.12595744680851062
P0122,1.263157894736842,0.12362821948488245
P0615,1.263157894736842,0.12362821948488245
P0103,1.263157894736842,0.12362821948488245
P0729,1.263157894736842,0.12362821948488245
P1058,1.25,0.11489361702127665
P1256,1.25,0.11489361702127665
P0123,1.25,0.11489361702127665
P1011,1.25,0.11489361702127665
P1023,1.25,0.11489361702127665
P0852,1.25,0.11489361702127665
P0378,1.25,0.11489361702127665
P0567,1.25,0.11489361702127665
P0909,1.2380952380952381,0.10699088145896662
P0685,1.2352941176470589,0.1051314142678349
P0967,1.2352941176470589,0.1051314142678349
P0530,1.2352941176470589,0.1051314142678349
P1428,1.2307692307692308,0.10212765957446812
P1450,1.2307692307692308,0.10212765957446812
P0894,1.2307692307692308,0.10212765957446812
P0020,1.2307692307692308,0.10212765957446812
P0510,1.2307692307692308,0.10212765957446812
P0160,1.2307692307692308,0.10212765957446812
P0776,1.2222222222222223,0.09645390070922
P0217,1.2142857142857142,0.09118541033434646
P0574,1.2105263157894737,0.08868980963045914
P1131,1.2,0.08170212765957452
P1006,1.2,0.08170212765957452
P0375,1.2,0.08170212765957452
P0807,1.2,0.08170212765957452
P1276,1.1875,0.07340425531914896
P0533,1.1875,0.07340425531914896
P0843,1.1764705882352942,0.06608260325406767
P0907,1.1666666666666667,0.05957446808510647
P1324,1.1666666666666667,0.05957446808510647
P1410,1.1666666666666667,0.05957446808510647
P0178,1.1538461538461537,0.051063829787234005
P0914,1.1428571428571428,0.043768996960486306
P1381,1.1333333333333333,0.03744680851063831
P0253,1.0909090909090908,0.00928433268858797
P1277,1.0769230769230769,0.0
P1216,1.0769230769230769,0.0
